Matchup,Referee,Market_Spread,Model_Margin,Target_Spread_Bet,Spread_Edge,Market_Total,Model_Total,Target_Total_Bet,Total_Edge
DET @ BUF,Carl Cheffers,BUF -5.5,BUF -4.2,PASS,1.3,54.5,41.8,UNDER 54.5,12.7
PHI @ TEN,Bill Vinovich,TEN -7.5,TEN -2.4,PHI +7.5,5.1,39.5,39.9,PASS,0.4
PIT @ NE,John Hussey,NE -5.5,PIT -1.0,PIT +5.5,6.5,41.5,39.9,PASS,1.6
MIN @ CHI,Scott Novak,CHI -4.5,MIN --0.0,MIN +4.5,4.5,48.5,43.1,UNDER 48.5,5.4
CAR @ ATL,Adrian Hill,ATL -2.5,ATL -1.5,PASS,1.0,44.0,42.1,PASS,1.9
GB @ NYJ,Brad Allen,NYJ -3.5,NYJ -0.9,GB +3.5,2.6,44.5,43.8,PASS,0.7
NO @ BAL,Shawn Smith,BAL -8.5,BAL -1.3,NO +8.5,7.2,46.5,43.4,UNDER 46.5,3.1
CIN @ HOU,Alex Kemp,HOU -2.5,CIN -0.0,CIN +2.5,2.5,46.0,42.6,UNDER 46.0,3.4
CLE @ TB,Clay Martin,TB -8.5,TB -2.3,CLE +8.5,6.2,41.5,38.5,UNDER 41.5,3.0
JAX @ DEN,Clete Blakeman,DEN -2.5,DEN -1.9,PASS,0.6,45.5,43.2,UNDER 45.5,2.3
LV @ LAC,Alan Eck,LAC -6.5,LAC -0.7,LV +6.5,5.8,43.5,40.5,UNDER 43.5,3.0
SEA @ ARI,Land Clark,SEA -3.5,ARI -1.9,ARI -3.5,5.4,41.0,40.9,PASS,0.1
MIA @ SF,Craig Wrolstad,SF -13.5,SF -1.7,MIA +13.5,11.8,45.0,42.2,UNDER 45.0,2.8
WAS @ DAL,Tra Blake,DAL -3.5,DAL -2.4,PASS,1.1,50.5,42.1,UNDER 50.5,8.4
IND @ KC,Ron Torbert,KC -6.5,IND -0.4,IND +6.5,6.9,46.5,40.2,UNDER 46.5,6.3
NYG @ LAR,Brad Rogers,LAR -7.5,LAR -2.1,NYG +7.5,5.4,48.5,41.7,UNDER 48.5,6.8
