season,week,player_display_name,team_abbr,avg_time_to_throw,completion_percentage_above_expectation,aggressiveness
2026,0,Tyson Bagent,CHI,2.9041666666666663,7.7311627906976765,23.25581395348837
2026,0,Michael Penix Jr.,ATL,2.404688888888889,3.2491111111111026,2.2222222222222223
2026,0,Geno Smith,NYJ,2.9435603448275858,10.30316239316239,17.94871794871795
2026,0,Athan Kaliakmanis,WAS,3.0364545454545455,-7.374848484848489,33.33333333333333
2026,0,Carson Wentz,MIN,2.6121282051282053,-8.023589743589742,12.82051282051282
2026,0,Jalen Hurts,PHI,3.214640350877193,-2.6842105263158,8.771929824561402
2026,0,Malik Willis,MIA,3.016893203883495,-4.247184466019416,20.388349514563107
2026,0,Bryce Young,CAR,2.9333167701863356,5.1427777777777735,13.580246913580247
2026,0,Cooper Rush,ATL,2.4496923076923074,-16.543846153846154,7.6923076923076925
2026,0,Jayden Daniels,WAS,3.2453529411764706,-2.780784313725493,15.686274509803921
2026,0,Deshaun Watson,CLE,2.794017391304348,-2.5513913043478276,13.91304347826087
2026,0,Lamar Jackson,BAL,3.1111063829787238,7.142812500000007,12.5
2026,0,Jared Goff,DET,2.829447204968944,0.5205590062111742,18.012422360248447
2026,0,Drake Maye,NE,3.0443162393162395,0.9012820512820596,12.82051282051282
2026,0,Case Keenum,CHI,2.413676470588235,1.0697058823529448,14.705882352941178
2026,0,Trevor Lawrence,JAX,2.7449126213592234,6.806538461538459,13.461538461538462
2026,0,Marcus Mariota,WAS,2.966372549019608,2.0441176470588296,13.725490196078432
2026,0,Jalon Daniels,TB,3.027333333333333,0.8283333333333309,13.333333333333334
2026,0,Daniel Jones,IND,2.7295227272727276,-0.9598484848484801,13.636363636363635
2026,0,Tyler Shough,NO,2.729569832402235,3.117666666666674,17.22222222222222
2026,0,Baker Mayfield,TB,2.9888020833333333,0.13499999999999623,12.5
2026,0,Kirk Cousins,LV,2.9736382978723404,2.5724305555555604,13.88888888888889
2026,0,Dak Prescott,DAL,2.7322933333333332,5.535999999999996,20
2026,0,Jacoby Brissett,ARI,2.6014238410596024,5.201644736842104,21.710526315789476
2026,0,Cam Ward,TEN,2.9422268907563027,-1.9431092436974717,7.563025210084033
2026,0,Aaron Rodgers,PIT,2.8704868421052634,-2.978627450980398,17.647058823529413
2026,0,Jordan Love,GB,2.4787922077922078,-6.9056493506493455,13.636363636363635
2026,0,Jaxson Dart,NYG,2.630264705882353,9.872352941176466,20.588235294117645
2026,0,Matthew Stafford,LAR,2.789245283018868,1.1842592592592571,18.51851851851852
2026,0,Bo Nix,DEN,2.9491185185185183,-5.321555555555557,10.37037037037037
2026,0,Brock Purdy,SF,2.960705357142857,4.226725663716813,15.04424778761062
2026,0,Drew Lock,SEA,2.769625,8.813333333333329,16.666666666666664
2026,0,Caleb Williams,CHI,3.417018181818182,3.303636363636364,14.545454545454545
2026,0,Patrick Mahomes,KC,2.704453125,-1.535468750000002,8.59375
2026,0,Joe Burrow,CIN,2.5718598726114648,4.450254777070062,12.738853503184714
2026,0,Jameis Winston,NYG,2.7776410256410258,-6.137179487179479,21.794871794871796
2026,0,Justin Herbert,LAC,2.7941008403361343,-3.5724369747899165,14.285714285714285
2026,0,Josh Allen,BUF,2.9383529411764706,2.2205882352941186,10.92436974789916
2026,0,Sam Darnold,SEA,3.270913043478261,6.053768115942038,21.73913043478261
2026,0,C.J. Stroud,HOU,3.00908843537415,5.286026490066231,20.52980132450331
2026,0,Kyler Murray,MIN,2.9174788732394363,2.5002816901408487,9.859154929577464
2026,1,Lamar Jackson,BAL,3.303875,6.382399999999999,16
2026,1,Jayden Daniels,WAS,3.414794117647059,-4.784999999999995,14.705882352941178
2026,1,Drake Maye,NE,2.82269696969697,3.1512121212121214,6.0606060606060606
2026,1,Dak Prescott,DAL,2.7466470588235294,4.752058823529415,14.705882352941178
2026,1,Matthew Stafford,LAR,2.86504,2.5324000000000013,20
2026,1,Justin Herbert,LAC,2.7349629629629626,-1.4029629629629503,18.51851851851852
2026,1,Caleb Williams,CHI,3.1567586206896547,11.416551724137936,13.793103448275861
2026,1,Drew Lock,SEA,2.769409090909091,5.00772727272728,13.636363636363635
2026,1,Malik Willis,MIA,3.2108148148148152,-0.3970370370370402,22.22222222222222
2026,1,Aaron Rodgers,PIT,2.950825,-0.8077500000000071,15
2026,1,Josh Allen,BUF,3.114103448275862,9.670000000000012,6.896551724137931
2026,1,Bo Nix,DEN,2.983678571428572,-9.097857142857146,10.714285714285714
2026,1,Joe Burrow,CIN,2.541857142857143,5.241142857142855,14.285714285714285
2026,1,Baker Mayfield,TB,2.883642857142857,15.406071428571433,10.714285714285714
2026,1,Brock Purdy,SF,2.6883235294117647,7.401176470588244,17.647058823529413
2026,1,Jaxson Dart,NYG,2.6393793103448275,10.925172413793105,17.24137931034483
2026,1,Jared Goff,DET,2.6585384615384617,-3.1897435897435877,15.384615384615385
2026,1,Kirk Cousins,LV,2.8969666666666667,3.8806666666666656,10
2026,1,Patrick Mahomes,KC,2.2705185185185184,-12.30888888888888,3.7037037037037033
2026,1,C.J. Stroud,HOU,2.7871315789473683,8.586842105263159,21.052631578947366
2026,1,Jalen Hurts,PHI,3.2637599999999996,-2.1448000000000023,8
2026,1,Tyler Shough,NO,2.602472727272727,-0.47517857142856945,14.285714285714285
2026,1,Geno Smith,NYJ,3.0422499999999997,9.367916666666664,12.5
2026,1,Trevor Lawrence,JAX,2.981086956521739,16.185217391304352,13.043478260869565
2026,1,Jordan Love,GB,2.561642857142857,-9.024285714285707,9.523809523809524
2026,1,Bryce Young,CAR,3.024945945945946,4.671621621621624,16.216216216216218
2026,1,Cooper Rush,ATL,2.653181818181818,-21.278181818181828,4.545454545454546
2026,1,Cam Ward,TEN,2.9029375,-5.584062499999998,6.25
2026,1,Carson Wentz,MIN,2.7576842105263157,-6.702631578947371,10.526315789473683
2026,1,Jacoby Brissett,ARI,2.5579729729729728,7.66891891891891,21.62162162162162
2026,1,Deshaun Watson,CLE,3.043227272727273,3.5577272727272735,13.636363636363635
2026,1,Daniel Jones,IND,2.843903225806452,-2.4306451612903235,12.903225806451612
2026,2,Kirk Cousins,LV,2.8526896551724135,-0.4962068965517208,17.24137931034483
2026,2,Deshaun Watson,CLE,2.5525666666666664,2.9549999999999965,13.333333333333334
2026,2,Brock Purdy,SF,3.0375454545454543,16.725,0
2026,2,Marcus Mariota,WAS,3.193875,7.711250000000003,18.75
2026,2,Jared Goff,DET,2.942105263157895,6.674736842105267,28.947368421052634
2026,2,Cooper Rush,ATL,2.1863529411764704,-10.417058823529413,11.76470588235294
2026,2,Aaron Rodgers,PIT,2.5786153846153845,-1.8910256410256454,17.94871794871795
2026,2,Drew Lock,SEA,2.769807692307692,12.033461538461532,19.230769230769234
2026,2,Joe Burrow,CIN,2.4794193548387096,-4.859032258064522,9.67741935483871
2026,2,Bo Nix,DEN,2.738,7.449677419354838,9.67741935483871
2026,2,Jordan Love,GB,2.298206896551724,-9.786551724137937,20.689655172413794
2026,2,Jameis Winston,NYG,2.8568148148148147,-11.542222222222225,33.33333333333333
2026,2,Justin Herbert,LAC,2.8584814814814816,-4.295925925925925,7.4074074074074066
2026,2,Caleb Williams,CHI,3.707307692307692,-5.745384615384619,15.384615384615385
2026,2,Trevor Lawrence,JAX,2.804793103448276,-0.5813793103448428,13.793103448275861
2026,2,Josh Allen,BUF,2.8356451612903224,-2.6093548387096877,6.451612903225806
2026,2,Carson Wentz,MIN,2.47385,-9.278500000000001,15
2026,2,Baker Mayfield,TB,2.987911764705882,3.7873529411764806,17.647058823529413
2026,2,C.J. Stroud,HOU,2.983452830188679,-3.524181818181815,16.363636363636363
2026,2,Geno Smith,NYJ,2.93365,7.549268292682932,14.634146341463413
2026,2,Cam Ward,TEN,3.07185,3.400499999999995,5
2026,2,Patrick Mahomes,KC,2.785659574468085,1.7517021276595712,4.25531914893617
2026,2,Tyler Shough,NO,2.734088235294118,12.133823529411758,20.588235294117645
2026,2,Drake Maye,NE,2.9400909090909093,3.225,9.090909090909092
2026,2,Bryce Young,CAR,2.9385833333333333,11.462777777777777,19.444444444444446
2026,2,Jacoby Brissett,ARI,2.705071428571429,-1.9407142857142845,14.285714285714285
2026,2,Jayden Daniels,WAS,2.9064705882352944,1.2276470588235333,17.647058823529413
2026,2,Daniel Jones,IND,2.7963870967741937,9.493225806451623,25.806451612903224
2026,2,Jalen Hurts,PHI,3.5024054054054052,4.225945945945952,8.108108108108109
2026,2,Dak Prescott,DAL,2.6594516129032257,17.73129032258065,16.129032258064516
2026,2,Jack Strand,ATL,2.5409333333333333,-18.318,13.333333333333334
2026,2,Malik Willis,MIA,2.977478260869565,-7.086086956521731,8.695652173913043
2026,2,Lamar Jackson,BAL,3.090733333333333,8.323225806451617,16.129032258064516
2026,2,Matthew Stafford,LAR,2.6255666666666664,4.253548387096773,12.903225806451612
2026,3,Bryce Young,CAR,3.0860212765957447,-2.140625000000007,4.166666666666666
2026,3,Daniel Jones,IND,2.755777777777778,-0.2377777777777812,13.88888888888889
2026,3,Trevor Lawrence,JAX,2.709357142857143,7.668965517241377,13.793103448275861
2026,3,Cam Ward,TEN,2.7167499999999998,-1.393611111111115,8.333333333333332
2026,3,Jalen Hurts,PHI,2.88548,-4.57519999999999,8
2026,3,Patrick Mahomes,KC,2.6087916666666664,10.203333333333331,8.333333333333332
2026,3,C.J. Stroud,HOU,3.221814814814815,8.288148148148144,25.925925925925924
2026,3,Justin Herbert,LAC,2.911235294117647,-5.188823529411756,14.705882352941178
2026,3,Baker Mayfield,TB,3.0762941176470586,-16.093529411764695,8.823529411764707
2026,3,Lamar Jackson,BAL,3.0119,3.7695000000000034,5
2026,3,Matthew Stafford,LAR,2.802188679245283,-0.07109090909092064,16.363636363636363
2026,3,Jordan Love,GB,2.5381320754716983,-8.438301886792443,16.9811320754717
2026,3,Tyler Shough,NO,2.679452380952381,1.9464285714285712,9.523809523809524
2026,3,Dak Prescott,DAL,2.672225,-2.357750000000003,22.5
2026,3,Deshaun Watson,CLE,3.167866666666667,-15.909666666666666,10
2026,3,Brock Purdy,SF,3.2411111111111115,0.2570370370370445,22.22222222222222
2026,3,Jared Goff,DET,2.88775,8.673750000000002,21.875
2026,3,Marcus Mariota,WAS,2.7681290322580643,-1.3158064516129109,12.903225806451612
2026,3,Josh Allen,BUF,3.0077307692307693,-2.226538461538463,19.230769230769234
2026,3,Malik Willis,MIA,2.678916666666667,-1.669166666666666,27.77777777777778
2026,3,Geno Smith,NYJ,2.888108108108108,21.111891891891887,27.027027027027028
2026,3,Joe Burrow,CIN,2.578081081081081,6.152162162162167,10.81081081081081
2026,3,Jameis Winston,NYG,2.5517727272727275,-6.176818181818189,13.636363636363635
2026,3,Bo Nix,DEN,3.0303823529411766,-9.983529411764714,20.588235294117645
2026,3,Michael Penix Jr.,ATL,2.2732,6.035999999999997,4
2026,3,Jacoby Brissett,ARI,2.6216470588235294,5.182115384615371,9.615384615384617
2026,3,Drake Maye,NE,3.4188799999999997,0.6435999999999997,20
2026,3,Case Keenum,CHI,2.413676470588235,1.0697058823529448,14.705882352941178
2026,3,Kyler Murray,MIN,2.8622068965517244,-0.7279310344827539,10.344827586206897
2026,3,Sam Darnold,SEA,3.2938,6.979777777777773,17.77777777777778
2026,3,Aaron Rodgers,PIT,3.1897272727272727,-3.6491176470588194,8.823529411764707
2026,3,Kirk Cousins,LV,2.689939393939394,5.809696969696965,15.151515151515152
2026,4,Geno Smith,NYJ,2.9488666666666665,-7.334666666666667,13.333333333333334
2026,4,Athan Kaliakmanis,WAS,3.0364545454545455,-7.374848484848489,33.33333333333333
2026,4,Brock Purdy,SF,2.9606896551724136,-4.963666666666667,16.666666666666664
2026,4,Lamar Jackson,BAL,3.00955,9.637000000000008,10
2026,4,C.J. Stroud,HOU,3.1487241379310347,14.256129032258059,22.58064516129032
2026,4,Kirk Cousins,LV,3.283224489795918,1.4746153846153853,13.461538461538462
2026,4,Tyson Bagent,CHI,2.8443235294117644,9.1279411764706,20.588235294117645
2026,4,Justin Herbert,LAC,2.661064516129032,-3.059032258064509,16.129032258064516
2026,4,Jordan Love,GB,2.432533333333333,1.5530000000000044,6.666666666666667
2026,4,Matthew Stafford,LAR,2.834921568627451,0.0115686274509752,23.52941176470588
2026,4,Joe Burrow,CIN,2.640111111111111,8.11574074074074,14.814814814814813
2026,4,Aaron Rodgers,PIT,2.81135,-5.640000000000001,27.500000000000004
2026,4,Jameis Winston,NYG,2.8752758620689653,-1.0748275862068835,17.24137931034483
2026,4,Deshaun Watson,CLE,2.5075151515151517,0.5139393939393888,18.181818181818183
2026,4,Michael Penix Jr.,ATL,2.56905,-0.23450000000000415,0
2026,4,Tyler Shough,NO,2.915854166666667,1.9477083333333312,25
2026,4,Malik Willis,MIA,3.4779411764705883,-11.980588235294121,17.647058823529413
2026,4,Jacoby Brissett,ARI,2.5349714285714287,8.336285714285708,45.714285714285715
2026,4,Kyler Murray,MIN,3.0283783783783784,3.8616216216216137,5.405405405405405
2026,4,Cam Ward,TEN,3.161,-2.2703225806451677,9.67741935483871
2026,4,Dak Prescott,DAL,2.8250222222222225,4.74377777777778,24.444444444444443
2026,4,Drake Maye,NE,3.050864864864865,-2.312972972972971,16.216216216216218
2026,4,Sam Darnold,SEA,3.335090909090909,5.413636363636365,31.818181818181817
2026,4,Bo Nix,DEN,3.0161190476190476,-8.456428571428576,2.380952380952381
2026,4,Patrick Mahomes,KC,3.0443,-6.380333333333333,20
2026,4,Jared Goff,DET,2.839423076923077,-6.211346153846153,9.615384615384617
2026,4,Jalon Daniels,TB,2.8215185185185185,3.937037037037039,11.11111111111111
2026,4,Trevor Lawrence,JAX,2.4765217391304346,5.655652173913039,13.043478260869565
2026,4,Daniel Jones,IND,2.5364705882352943,-9.914117647058818,2.941176470588235
2026,4,Josh Allen,BUF,2.8257272727272724,3.7151515151515158,12.121212121212121
2026,4,Bryce Young,CAR,2.670951219512195,8.54560975609755,17.073170731707318
2026,4,Jalen Hurts,PHI,3.0795925925925927,-10.902222222222225,11.11111111111111
